,mse,bce_loss,over_under_acc
0,70.84669250672987,0.14721253259896408,0.8
